employee_id,manager_id,project_id,activity_id,date,workHours,start_time,end_time,projectActivity,assignedWork,status,remarks,
1006,1003,1,1,01-10-2025,5,09:00,14:00,IFRA,E1,E2,Completed,Initial modelling
1007,1003,1,2,01-10-2025,4.5,09:30,14:00,Client Rework,E1,E2,Completed,Modelling discussion
1008,1003,1,4,02-10-2025,3,10:00,13:00,Internal Rework,E1,E2,Completed,Member placement
1009,1003,1,6,02-10-2025,5.2,09:00,14:15,IFRA,E1,E2,Completed,Steel modelling
1010,1003,1,7,03-10-2025,5.5,11:00,16:30,Client Rework,E1,E2,Completed,Misc steel
1006,1003,1,14,03-10-2025,5,09:00,14:00,Internal Rework,E1,E2,Completed,Submission modelling
1007,1003,1,15,04-10-2025,5.5,10:00,15:30,IFRA,E1,E2,Completed,Field work
1008,1003,1,19,04-10-2025,4.5,09:00,13:30,Client Rework,E1,E2,Completed,Coordination work
1009,1003,1,20,05-10-2025,4,09:30,13:30,Internal Rework,E1,E2,Completed,Team coordination
1010,1003,1,10,05-10-2025,6,09:00,15:00,IFRA,E1,E2,Completed,Checking work
1006,1003,1,11,06-10-2025,5.5,09:30,15:00,Client Rework,E1,E2,Completed,Checking sheets
1007,1003,1,12,06-10-2025,5,10:00,15:00,Internal Rework,E1,E2,Completed,Shop drawings
1008,1003,1,13,07-10-2025,6,09:00,15:00,IFRA,E1,E2,Completed,RFI work
1009,1003,1,16,07-10-2025,5.7,09:30,15:00,Client Rework,E1,E2,Completed,COR evaluation
1010,1003,1,8,08-10-2025,3,09:00,12:00,Internal Rework,E1,E2,Completed,Detailing work
1006,1003,1,9,08-10-2025,2.5,12:30,15:00,IFRA,E1,E2,Completed,Detailing work
1007,1003,1,34,09-10-2025,4.6,09:00,13:30,Client Rework,E1,E2,Completed,Detailing work
1008,1003,1,41,09-10-2025,5,10:00,15:00,Internal Rework,E1,E2,Completed,Detailing work
1004,1003,2,1,01-10-2025,5,09:00,14:00,IFRA,E1,E2,Completed,Initial modelling
1005,1003,2,2,01-10-2025,5.5,09:15,14:45,Client Rework,E1,E2,Completed,Modelling discussion
1006,1003,2,4,02-10-2025,4,10:00,14:00,Internal Rework,E1,E2,Completed,Member placement
1007,1003,2,6,02-10-2025,6,09:30,15:30,IFRA,E1,E2,Completed,Main steel modelling
1008,1003,2,5,03-10-2025,4.5,10:30,15:00,Client Rework,E1,E2,Completed,Macro creation
1009,1003,2,15,03-10-2025,5,11:00,16:00,Internal Rework,E1,E2,Completed,Field work
1006,1003,2,10,07-10-2025,6,09:00,15:00,IFRA,E1,E2,Completed,Model checking
1007,1003,2,11,07-10-2025,5.5,09:30,15:00,Client Rework,E1,E2,Completed,E-sheet checking
1008,1003,2,12,08-10-2025,4.8,10:00,14:48,Internal Rework,E1,E2,Completed,Shop drawing checking
1009,1003,2,13,08-10-2025,5,10:30,15:30,IFRA,E1,E2,Completed,RFI creation
1010,1003,2,16,09-10-2025,5,11:00,16:00,Client Rework,E1,E2,Completed,COR evaluation
1006,1003,2,8,12-10-2025,3,09:00,12:00,Internal Rework,E1,E2,Completed,E-sheet editing
1007,1003,2,9,12-10-2025,4.5,10:00,14:30,Client Rework,E1,E2,Completed,Shop drawing editing
1008,1003,2,34,13-10-2025,5.3,09:30,14:48,IFRA,E1,E2,Completed,Back draft
1009,1003,2,8,13-10-2025,6,10:00,16:00,Internal Rework,E1,E2,Completed,Detailing batch
1004,1003,17,1,01-10-2025,6,09:00,15:00,IFRA,Task-1,Completed,Modelling - layout,
1005,1003,17,2,01-10-2025,6,09:30,15:30,Client Rework,Task-2,Completed,Modelling - base,
1006,1003,17,3,02-10-2025,6,09:00,15:00,Internal Rework,Task-3,Completed,Modelling - grid,
1007,1003,17,4,02-10-2025,6,09:30,15:30,IFRA,Task-4,Completed,Modelling - columns,
1008,1003,17,5,03-10-2025,6,09:00,15:00,Client Rework,Task-5,Completed,Modelling - beams,
1009,1003,17,6,03-10-2025,6,09:30,15:30,Internal Rework,Task-6,Completed,Modelling - slabs,
1010,1003,17,7,04-10-2025,6,09:00,15:00,IFRA,Task-7,Completed,Modelling - framing,
1004,1003,17,14,04-10-2025,2,10:00,12:00,Client Rework,Task-8,Completed,Modelling - finish (remaining),
1005,1003,17,10,05-10-2025,6,09:00,15:00,IFRA,Task-9,Completed,Checking - model checking,
1006,1003,17,11,05-10-2025,6,09:30,15:30,Client Rework,Task-10,Completed,Checking - e-sheet,
1007,1003,17,12,06-10-2025,6,09:00,15:00,Internal Rework,Task-11,Completed,Checking - shop drawing check,
1008,1003,17,13,06-10-2025,6,09:30,15:30,IFRA,Task-12,Completed,Checking - RFI validation,
1009,1003,17,16,07-10-2025,6,09:00,15:00,Client Rework,Task-13,Completed,Checking - COR evaluation,
1010,1003,17,17,07-10-2025,2.5,10:00,12:30,Internal Rework,Task-14,Completed,Checking - small update,
1004,1003,17,8,08-10-2025,6,09:00,15:00,IFRA,Task-15,Completed,Detailing - E sheet editing,
1005,1003,17,9,08-10-2025,6,09:30,15:30,Client Rework,Task-16,Completed,Detailing - shop drawing edit,
1006,1003,17,34,09-10-2025,6,09:00,15:00,Internal Rework,Task-17,Completed,Detailing - back draft,
1007,1003,17,41,09-10-2025,3.5,10:00,13:30,IFRA,Task-18,Completed,Detailing - back checking,
1008,1003,17,19,10-10-2025,5.5,09:00,14:30,Client Rework,Task-19,Completed,Checking - coordination,
1009,1003,17,20,10-10-2025,5,10:00,15:00,Internal Rework,Task-20,Completed,Modelling - followup,
1004,1003,18,1,01-10-2025,6,09:00,15:00,IFRA,E1,Completed,Modelling - Design Drawing Study,
1005,1003,18,2,01-10-2025,6,09:30,15:30,Client Rework,E2,Completed,Modelling - Project Meeting,
1006,1003,18,4,02-10-2025,6,09:00,15:00,Internal Rework,E3,Completed,Modelling - Model Member Placement,
1007,1003,18,5,02-10-2025,6,09:30,15:30,IFRA,E4,Completed,Modelling - Macro Creation,
1008,1003,18,6,03-10-2025,6,09:00,15:00,Client Rework,E5,Completed,Modelling - Main Steel Modelling,
1009,1003,18,7,03-10-2025,6,09:30,15:30,Internal Rework,E6,Completed,Modelling - Misc Steel Modelling,
1004,1003,18,10,04-10-2025,6,09:00,15:00,IFRA,E7,Completed,Checking - Model Checking,
1005,1003,18,11,04-10-2025,5.5,09:30,15:00,Client Rework,E8,Completed,Checking - E Sheet Checking,
1006,1003,18,12,05-10-2025,5.5,09:00,14:30,Internal Rework,E9,Completed,Checking - Shop Drawing Checking,
1007,1003,18,13,05-10-2025,5.5,09:30,15:00,IFRA,E10,Completed,Checking - RFI Creation,
1008,1003,18,16,06-10-2025,4.5,10:00,14:30,Client Rework,E11,Completed,Checking - COR Evaluation,
1009,1003,18,17,06-10-2025,4.5,10:30,15:00,Internal Rework,E12,Completed,Checking - COR Updation,
1004,1003,18,8,07-10-2025,6,09:00,15:00,IFRA,E13,Completed,Detailing - E Sheet Editing,
1005,1003,18,9,07-10-2025,6,09:30,15:30,Client Rework,E14,Completed,Detailing - Shop Drawing Editing,
1006,1003,18,34,08-10-2025,5.5,09:00,14:30,Internal Rework,E15,Completed,Detailing - Back Draft,
1007,1003,18,41,08-10-2025,5,10:00,15:00,IFRA,E16,Completed,Detailing - Back Checking,
1016,1016,3,1,21-01-2025,6,09:00,15:00,IFRA,Task-1,Completed,Modelling - Design Drawing Study,
1017,1016,3,2,21-01-2025,6,09:30,15:30,Client Rework,Task-2,Completed,Modelling - Project Meeting,
1018,1016,3,4,22-01-2025,6,09:00,15:00,Internal Rework,Task-3,Completed,Modelling - Model Member Placement,
1019,1016,3,5,22-01-2025,6,09:30,15:30,IFRA,Task-4,Completed,Modelling - Macro Creation,
1020,1016,3,6,23-01-2025,6,09:00,15:00,Client Rework,Task-5,Completed,Modelling - Main Steel Modelling,
1021,1016,3,7,23-01-2025,6,09:30,15:30,Internal Rework,Task-6,Completed,Modelling - Misc Steel Modelling,
1022,1016,3,10,24-01-2025,6,09:00,15:00,IFRA,Task-7,Completed,Checking - Model Checking,
1023,1016,3,11,24-01-2025,6,09:30,15:30,Client Rework,Task-8,Completed,Checking - E Sheet Checking,
1024,1016,3,12,25-01-2025,6,09:00,15:00,Internal Rework,Task-9,Completed,Checking - Shop Drawing Checking,
1025,1016,3,13,25-01-2025,6,09:30,15:30,IFRA,Task-10,Completed,Checking - RFI Creation,
1026,1016,3,16,26-01-2025,6,09:00,15:00,Client Rework,Task-11,Completed,Checking - COR Evaluation,
1027,1016,3,17,26-01-2025,1.5,10:00,11:30,Internal Rework,Task-12,Completed,Checking - Small update,
1028,1016,3,8,27-01-2025,6,09:00,15:00,IFRA,Task-13,Completed,Detailing - E Sheet Editing,
1016,1016,3,9,27-01-2025,6,09:30,15:30,Client Rework,Task-14,Completed,Detailing - Shop Drawing Editing,
1017,1016,3,34,28-01-2025,6,09:00,15:00,Internal Rework,Task-15,Completed,Detailing - Back Draft,
1018,1016,3,41,28-01-2025,4.5,10:00,14:30,IFRA,Task-16,Completed,Detailing - Back Checking,
1016,1016,4,1,06-03-2025,5,09:00,14:00,IFRA,Task-1,Completed,Initial modelling,
1017,1016,4,2,06-03-2025,3.8,09:30,13:15,Client Rework,Task-2,Completed,Model discussion,
1018,1016,4,4,07-03-2025,3.6,10:00,13:35,Internal Rework,Task-3,Completed,Member placement,
1019,1016,4,6,07-03-2025,4.1,09:00,13:10,IFRA,Task-4,Completed,Main steel modelling,
1020,1016,4,7,08-03-2025,4,09:30,13:30,Client Rework,Task-5,Completed,Misc steel modelling,
1021,1016,4,14,08-03-2025,3.7,09:00,13:00,Internal Rework,Task-6,Completed,Submission process,
1022,1016,4,10,09-03-2025,5,09:00,14:00,IFRA,Task-7,Completed,Checking model,
1023,1016,4,11,09-03-2025,4.8,09:30,14:00,Client Rework,Task-8,Completed,E-sheet checking,
1024,1016,4,12,10-03-2025,3.7,10:00,13:45,Internal Rework,Task-9,Completed,Shop drawing check,
1025,1016,4,13,10-03-2025,4,09:00,13:00,IFRA,Task-10,Completed,RFI creation,
1026,1016,4,16,11-03-2025,3.7,10:00,13:45,Client Rework,Task-11,Completed,COR evaluation,
1027,1016,4,8,12-03-2025,4.2,09:00,13:15,Internal Rework,Task-12,Completed,E-sheet detailing,
1028,1016,4,9,12-03-2025,3.9,09:30,13:25,IFRA,Task-13,Completed,Shop drawing detailing,
1016,1016,4,34,13-03-2025,3.5,10:00,13:30,Client Rework,Task-14,Completed,Back draft,
1017,1016,4,41,13-03-2025,3.5,09:30,13:00,Internal Rework,Task-15,Completed,Back checking,
1017,1016,19,6,22-02-2025,4,09:00,13:00,Main Steel Modelling,Tau Heights,Completed,Structural framework,
1017,1016,19,1,22-02-2025,2,14:00,16:00,Design Drawing Study,Tau Heights,Completed,Design analysis,
1018,1016,19,7,23-02-2025,3.5,09:30,13:00,Misc Steel Modelling,Tau Heights,Completed,Secondary elements,
1018,1016,19,5,23-02-2025,2.5,14:00,16:30,Macro Creation,Tau Heights,Completed,Automation setup,
1019,1016,19,32,24-02-2025,3,10:00,13:00,Model Correction,Tau Heights,Completed,Error resolution,
1019,1016,19,30,24-02-2025,2,14:00,16:00,Clash Check,Tau Heights,Completed,Interference check,
1020,1016,19,6,25-02-2025,3,09:00,12:00,Main Steel Modelling,Tau Heights,Completed,Beam placement,
1020,1016,19,4,25-02-2025,2,13:00,15:00,Model Member Placement,Tau Heights,Completed,Column setup,
1021,1016,19,7,26-02-2025,3,10:00,13:00,Misc Steel Modelling,Tau Heights,Completed,Connection details,
1022,1016,19,5,26-02-2025,2,14:00,16:00,Macro Creation,Tau Heights,Completed,Template work,
1023,1016,19,6,27-02-2025,3,09:00,12:00,Main Steel Modelling,Tau Heights,Completed,Foundation steel,
1024,1016,19,7,27-02-2025,2,13:00,15:00,Misc Steel Modelling,Tau Heights,Completed,Bracing elements,
1025,1016,19,4,28-02-2025,3,10:00,13:00,Model Member Placement,Tau Heights,Completed,Grid system,
1017,1016,19,10,01-03-2025,3,09:00,12:00,Model Checking,Tau Heights,Completed,Quality review,
1018,1016,19,11,01-03-2025,2.5,14:00,16:30,E Sheet Checking,Tau Heights,Completed,Drawings check,
1019,1016,19,12,02-03-2025,3,10:00,13:00,Shop Drawing Checking,Tau Heights,Completed,Fabrication drawings,
1020,1016,19,35,02-03-2025,2,14:00,16:00,Design Drawing Study(Checking),Tau Heights,Completed,Design compliance,
1021,1016,19,10,03-03-2025,2.8,09:00,11:48,Model Checking,Tau Heights,Completed,Model validation,
1022,1016,19,38,03-03-2025,2,13:00,15:00,Clash Check(Checking),Tau Heights,Completed,Interference review,
1023,1016,19,39,04-03-2025,2,10:00,12:00,1 to 1 Changes Review(Checking),Tau Heights,Completed,Change verification,
1024,1016,19,16,04-03-2025,2.5,14:00,16:30,COR Evaluation,Tau Heights,Completed,Change orders,
1025,1016,19,13,05-03-2025,3,09:00,12:00,RFI Creation,Tau Heights,Completed,Information requests,
1026,1016,19,17,05-03-2025,2,13:00,15:00,COR Updation,Tau Heights,Completed,Document updates,
1027,1016,19,41,06-03-2025,2,10:00,12:00,Back Checking(Checking),Tau Heights,Completed,Secondary review,
1028,1016,19,9,06-03-2025,2.3,14:00,16:18,Shop Drawing Editing,Tau Heights,Completed,Drawing modifications,
1026,1016,19,34,07-03-2025,2,09:00,11:00,Back Draft,Tau Heights,Completed,Revision work,
1027,1016,19,14,07-03-2025,2,13:00,15:00,Submission Process,Tau Heights,Completed,Client submission,
1028,1016,19,15,08-03-2025,2,10:00,12:00,Field Work,Tau Heights,Completed,Site coordination,
1021,1016,19,8,08-03-2025,2,14:00,16:00,E Sheet Editing,Tau Heights,Completed,Engineering edits,
1022,1016,19,21,09-03-2025,2,09:00,11:00,Shop Requirement Reports,Tau Heights,Completed,Material lists,
1023,1016,19,19,09-03-2025,1.5,13:00,14:30,Other Discipline Coord,Tau Heights,Completed,MEP coordination,
1030,1029,5,6,01-02-2025,5,09:00,14:00,Main Steel Modelling,Epsilon Mall,Completed,Structural modelling,
1030,1029,5,1,01-02-2025,3,14:30,17:30,Design Drawing Study,Epsilon Mall,Completed,Design analysis,
1030,1029,5,2,02-02-2025,2,10:00,12:00,Project Meeting,Epsilon Mall,Completed,Weekly coordination,
1031,1029,5,7,01-02-2025,4,09:00,13:00,Misc Steel Modelling,Epsilon Mall,Completed,Secondary steel,
1031,1029,5,5,02-02-2025,3,14:00,17:00,Macro Creation,Epsilon Mall,Completed,Template setup,
1031,1029,5,3,03-02-2025,2,11:00,13:00,Kick Off Meeting,Epsilon Mall,Completed,Project initiation,
1032,1029,5,32,02-02-2025,3,09:30,12:30,Model Correction,Epsilon Mall,Completed,Error fixing,
1032,1029,5,30,03-02-2025,3,14:00,17:00,Clash Check,Epsilon Mall,Completed,Interference check,
1033,1029,5,6,01-02-2025,4,10:00,14:00,Main Steel Modelling,Epsilon Mall,Completed,Beam placement,
1033,1029,5,4,04-02-2025,3,09:00,12:00,Model Member Placement,Epsilon Mall,Completed,Column setup,
1034,1029,5,7,02-02-2025,3,13:00,16:00,Misc Steel Modelling,Epsilon Mall,Completed,Bracing elements,
1034,1029,5,8,03-02-2025,3,10:00,13:00,E Sheet Editing,Epsilon Mall,Completed,Drawing edits,
1035,1029,5,5,02-02-2025,3,14:00,17:00,Macro Creation,Epsilon Mall,Completed,Automation scripts,
1035,1029,5,1,04-02-2025,2,09:00,11:00,Design Drawing Study,Epsilon Mall,Completed,Plan review,
1036,1029,5,6,03-02-2025,4,08:00,12:00,Main Steel Modelling,Epsilon Mall,Completed,Foundation steel,
1037,1029,5,7,04-02-2025,4,13:00,17:00,Misc Steel Modelling,Epsilon Mall,Completed,Connection details,
1038,1029,5,4,05-02-2025,4,09:00,13:00,Model Member Placement,Epsilon Mall,Completed,Grid setup,
1030,1029,5,10,03-02-2025,4,14:00,18:00,Model Checking,Epsilon Mall,Completed,Quality review,
1030,1029,5,12,04-02-2025,4,09:00,13:00,Shop Drawing Checking,Epsilon Mall,Completed,Drawing verification,
1031,1029,5,11,04-02-2025,4,14:00,18:00,E Sheet Checking,Epsilon Mall,Completed,Engineering drawings,
1031,1029,5,35,05-02-2025,3.5,10:00,13:30,Design Drawing Study(Checking),Epsilon Mall,Completed,Design compliance,
1032,1029,5,10,04-02-2025,4,09:00,13:00,Model Checking,Epsilon Mall,Completed,Model validation,
1032,1029,5,38,05-02-2025,3,14:00,17:00,Clash Check(Checking),Epsilon Mall,Completed,Interference review,
1032,1029,5,39,06-02-2025,3,10:00,13:00,1 to 1 Changes Review(Checking),Epsilon Mall,Completed,Change,
1039,1029,5,12,03-02-2025,3,13:00,16:00,Shop Drawing Checking,Epsilon Mall,Completed,Shop drawings,
1039,1029,5,11,04-02-2025,3,09:00,12:00,E Sheet Checking,Epsilon Mall,Completed,Fabrication drawings,
1040,1029,5,16,05-02-2025,4,10:00,14:00,COR Evaluation,Epsilon Mall,Completed,Change order review,
1040,1029,5,13,06-02-2025,3,14:00,17:00,RFI Creation,Epsilon Mall,Completed,Information requests,
1041,1029,5,17,04-02-2025,3,09:00,12:00,COR Updation,Epsilon Mall,Completed,Document updates,
1041,1029,5,41,05-02-2025,3,13:00,16:00,Back Checking(Checking),Epsilon Mall,Completed,Secondary review,
1034,1029,5,10,06-02-2025,4,08:00,12:00,Model Checking,Epsilon Mall,Completed,Final model check,
1036,1029,5,11,05-02-2025,4,14:00,18:00,E Sheet Checking,Epsilon Mall,Completed,Drawing package,
1039,1029,5,9,06-02-2025,3,10:00,13:00,Shop Drawing Editing,Epsilon Mall,Completed,Drawing modifications,
1039,1029,5,34,07-02-2025,2,14:00,16:00,Back Draft,Epsilon Mall,Completed,Revision work,
1040,1029,5,14,07-02-2025,3,09:00,12:00,Submission Process,Epsilon Mall,Completed,Client submission,
1040,1029,5,15,08-02-2025,3,13:00,16:00,Field Work,Epsilon Mall,Completed,Site coordination,
1041,1029,5,13,07-02-2025,3,10:00,13:00,RFI Creation,Epsilon Mall,Completed,Technical queries,
1041,1029,5,21,08-02-2025,2.5,14:00,16:30,Shop Requirement Reports,Epsilon Mall,Completed,Fabrication data,
1038,1029,5,8,06-02-2025,3,09:00,12:00,E Sheet Editing,Epsilon Mall,Completed,Engineering edits,
1038,1029,5,34,07-02-2025,2,13:00,15:00,Back Draft,Epsilon Mall,Completed,As-built updates,
1037,1029,5,9,08-02-2025,4,10:00,14:00,Shop Drawing Editing,Epsilon Mall,Completed,Detail drawings,
1037,1029,5,19,09-02-2025,2,14:00,16:00,Other Discipline Coord,Epsilon Mall,Completed,MEP coordination,
1035,1029,5,14,07-02-2025,3,09:00,12:00,Submission Process,Epsilon Mall,Completed,Approval process,
1035,1029,5,21,08-02-2025,2,13:00,15:00,Shop Requirement Reports,Epsilon Mall,Completed,Material lists,
1033,1029,5,15,09-02-2025,3,10:00,13:00,Field Work,Epsilon Mall,Completed,Site verification,
1033,1029,5,20,10-02-2025,2,14:00,16:00,Team Coord,Epsilon Mall,Completed,Team management,
1030,1029,6,6,18-02-2025,4,09:00,13:00,Main Steel Modelling,Zeta Complex,Completed,Structural framework,
1030,1029,6,1,18-02-2025,2,14:00,16:00,Design Drawing Study,Zeta Complex,Completed,Design analysis,
1031,1029,6,7,19-02-2025,3.5,09:30,13:00,Misc Steel Modelling,Zeta Complex,Completed,Secondary elements,
1031,1029,6,5,19-02-2025,2.5,14:00,16:30,Macro Creation,Zeta Complex,Completed,Automation setup,
1032,1029,6,32,20-02-2025,3,10:00,13:00,Model Correction,Zeta Complex,Completed,Error resolution,
1032,1029,6,30,20-02-2025,2,14:00,16:00,Clash Check,Zeta Complex,Completed,Interference check,
1033,1029,6,6,21-02-2025,3,09:00,12:00,Main Steel Modelling,Zeta Complex,Completed,Beam placement,
1033,1029,6,4,21-02-2025,2,13:00,15:00,Model Member Placement,Zeta Complex,Completed,Column setup,
1034,1029,6,7,22-02-2025,3,10:00,13:00,Misc Steel Modelling,Zeta Complex,Completed,Connection details,
1035,1029,6,5,22-02-2025,2,14:00,16:00,Macro Creation,Zeta Complex,Completed,Template work,
1036,1029,6,6,23-02-2025,3,09:00,12:00,Main Steel Modelling,Zeta Complex,Completed,Foundation steel,
1037,1029,6,7,23-02-2025,2,13:00,15:00,Misc Steel Modelling,Zeta Complex,Completed,Bracing elements,
1038,1029,6,4,24-02-2025,3,10:00,13:00,Model Member Placement,Zeta Complex,Completed,Grid system,
1030,1029,6,10,25-02-2025,3,09:00,12:00,Model Checking,Zeta Complex,Completed,Quality review,
1031,1029,6,11,25-02-2025,2.5,14:00,16:30,E Sheet Checking,Zeta Complex,Completed,Drawings check,
1032,1029,6,12,26-02-2025,3,10:00,13:00,Shop Drawing Checking,Zeta Complex,Completed,Fabrication drawings,
1033,1029,6,35,26-02-2025,2,14:00,16:00,Design Drawing Study(Checking),Zeta Complex,Completed,Design compliance,
1034,1029,6,10,27-02-2025,3,09:00,12:00,Model Checking,Zeta Complex,Completed,Model validation,
1035,1029,6,38,27-02-2025,2,13:00,15:00,Clash Check(Checking),Zeta Complex,Completed,Interference review,
1036,1029,6,39,28-02-2025,2,10:00,12:00,1 to 1 Changes Review(Checking),Zeta Complex,Completed,Change verification,
1037,1029,6,16,28-02-2025,2.5,14:00,16:30,COR Evaluation,Zeta Complex,Completed,Change orders,
1038,1029,6,13,01-03-2025,3,09:00,12:00,RFI Creation,Zeta Complex,Completed,Information requests,
1039,1029,6,17,01-03-2025,2,13:00,15:00,COR Updation,Zeta Complex,Completed,Document updates,
1040,1029,6,41,02-03-2025,2.5,10:00,12:30,Back Checking(Checking),Zeta Complex,Completed,Secondary review,
1041,1029,6,9,02-03-2025,2,14:00,16:00,Shop Drawing Editing,Zeta Complex,Completed,Drawing modifications,
1039,1029,6,34,03-03-2025,2,09:00,11:00,Back Draft,Zeta Complex,Completed,Revision work,
1040,1029,6,14,03-03-2025,2.5,13:00,15:30,Submission Process,Zeta Complex,Completed,Client submission,
1041,1029,6,15,04-03-2025,2,10:00,12:00,Field Work,Zeta Complex,Completed,Site coordination,
1034,1029,6,8,04-03-2025,2,14:00,16:00,E Sheet Editing,Zeta Complex,Completed,Engineering edits,
1035,1029,6,21,05-03-2025,2,09:00,11:00,Shop Requirement Reports,Zeta Complex,Completed,Material lists,
1036,1029,6,19,05-03-2025,1.5,13:00,14:30,Other Discipline Coord,Zeta Complex,Completed,MEP coordination,
1030,1029,21,6,05-03-2025,4.5,09:00,13:30,Main Steel Modelling,Phi Mall,Completed,Structural framework,
1031,1029,21,7,05-03-2025,3.5,14:00,17:30,Misc Steel Modelling,Phi Mall,Completed,Secondary steel,
1032,1029,21,1,06-03-2025,3,10:00,13:00,Design Drawing Study,Phi Mall,Completed,Design analysis,
1033,1029,21,5,06-03-2025,2.5,14:00,16:30,Macro Creation,Phi Mall,Completed,Automation setup,
1034,1029,21,4,07-03-2025,3,09:00,12:00,Model Member Placement,Phi Mall,Completed,Column placement,
1035,1029,21,32,07-03-2025,2.5,13:00,15:30,Model Correction,Phi Mall,Completed,Error fixing,
1036,1029,21,30,08-03-2025,3,10:00,13:00,Clash Check,Phi Mall,Completed,Interference check,
1037,1029,21,6,08-03-2025,3,14:00,17:00,Main Steel Modelling,Phi Mall,Completed,Beam work,
1038,1029,21,7,09-03-2025,3,09:00,12:00,Misc Steel Modelling,Phi Mall,Completed,Connections,
1039,1029,21,33,09-03-2025,2,13:00,15:00,Project discussion,Phi Mall,Completed,Team coordination,
1040,1029,21,4,10-03-2025,3,10:00,13:00,Model Member Placement,Phi Mall,Completed,Grid setup,
1041,1029,21,6,10-03-2025,2.5,14:00,16:30,Main Steel Modelling,Phi Mall,Completed,Foundation,
1030,1029,21,10,11-03-2025,3.5,09:00,12:30,Model Checking,Phi Mall,Completed,Quality review,
1031,1029,21,11,11-03-2025,3,13:30,16:30,E Sheet Checking,Phi Mall,Completed,Engineering drawings,
1032,1029,21,12,12-03-2025,3,10:00,13:00,Shop Drawing Checking,Phi Mall,Completed,Fabrication drawings,
1033,1029,21,35,12-03-2025,2.5,14:00,16:30,Design Drawing Study(Checking),Phi Mall,Completed,Design compliance,
1034,1029,21,38,13-03-2025,2.5,09:00,11:30,Clash Check(Checking),Phi Mall,Completed,Interference review,
1035,1029,21,39,13-03-2025,2,13:00,15:00,1 to 1 Changes Review(Checking),Phi Mall,Completed,Change verification,
1036,1029,21,16,14-03-2025,3,10:00,13:00,COR Evaluation,Phi Mall,Completed,Change orders,
1037,1029,21,13,14-03-2025,2.5,14:00,16:30,RFI Creation,Phi Mall,Completed,Information requests,
1038,1029,21,17,15-03-2025,2.5,09:00,11:30,COR Updation,Phi Mall,Completed,Document updates,
1039,1029,21,41,15-03-2025,2,13:00,15:00,Back Checking(Checking),Phi Mall,Completed,Secondary review,
1040,1029,21,10,16-03-2025,3,10:00,13:00,Model Checking,Phi Mall,Completed,Final check,
1041,1029,21,9,16-03-2025,2.5,14:00,16:30,Shop Drawing Editing,Phi Mall,Completed,Drawing edits,
1030,1029,21,34,17-03-2025,2,09:00,11:00,Back Draft,Phi Mall,Completed,Revision work,
1031,1029,21,14,17-03-2025,2.5,13:00,15:30,Submission Process,Phi Mall,Completed,Client submission,
1032,1029,21,15,18-03-2025,2.5,10:00,12:30,Field Work,Phi Mall,Completed,Site coordination,
1033,1029,21,8,18-03-2025,2,14:00,16:00,E Sheet Editing,Phi Mall,Completed,Engineering edits,
1034,1029,21,21,19-03-2025,2,09:00,11:00,Shop Requirement Reports,Phi Mall,Completed,Material lists,
1035,1029,21,19,19-03-2025,1.5,13:00,14:30,Other Discipline Coord,Phi Mall,Completed,MEP coordination,
1036,1029,21,20,20-03-2025,2,10:00,12:00,Team Coord,Phi Mall,Completed,Team management,
1030,1029,22,6,10-03-2025,4,09:00,13:00,Main Steel Modelling,Chi Complex,Completed,Structural work,
1031,1029,22,7,10-03-2025,3.5,14:00,17:30,Misc Steel Modelling,Chi Complex,Completed,Secondary elements,
1032,1029,22,1,11-03-2025,3,10:00,13:00,Design Drawing Study,Chi Complex,Completed,Design analysis,
1033,1029,22,5,11-03-2025,2.5,14:00,16:30,Macro Creation,Chi Complex,Completed,Automation setup,
1034,1029,22,4,12-03-2025,3,09:00,12:00,Model Member Placement,Chi Complex,Completed,Column setup,
1035,1029,22,32,12-03-2025,2.5,13:00,15:30,Model Correction,Chi Complex,Completed,Error resolution,
1036,1029,22,30,13-03-2025,3,10:00,13:00,Clash Check,Chi Complex,Completed,Interference check,
1037,1029,22,6,13-03-2025,3,14:00,17:00,Main Steel Modelling,Chi Complex,Completed,Beam placement,
1038,1029,22,7,14-03-2025,3,09:00,12:00,Misc Steel Modelling,Chi Complex,Completed,Connections,
1039,1029,22,33,14-03-2025,2,13:00,15:00,Project discussion,Chi Complex,Completed,Coordination,
1040,1029,22,4,15-03-2025,3,10:00,13:00,Model Member Placement,Chi Complex,Completed,Grid system,
1041,1029,22,6,15-03-2025,2.5,14:00,16:30,Main Steel Modelling,Chi Complex,Completed,Foundation,
1030,1029,22,10,16-03-2025,3.3,09:00,12:18,Model Checking,Chi Complex,Completed,Quality review,
1031,1029,22,11,16-03-2025,3,13:30,16:30,E Sheet Checking,Chi Complex,Completed,Engineering drawings,
1032,1029,22,12,17-03-2025,3,10:00,13:00,Shop Drawing Checking,Chi Complex,Completed,Fabrication drawings,
1033,1029,22,35,17-03-2025,2.5,14:00,16:30,Design Drawing Study(Checking),Chi Complex,Completed,Design compliance,
1034,1029,22,38,18-03-2025,2.3,09:00,11:18,Clash Check(Checking),Chi Complex,Completed,Interference review,
1035,1029,22,39,18-03-2025,2,13:00,15:00,1 to 1 Changes Review(Checking),Chi Complex,Completed,Change verification,
1036,1029,22,16,19-03-2025,3,10:00,13:00,COR Evaluation,Chi Complex,Completed,Change orders,
1037,1029,22,13,19-03-2025,2.5,14:00,16:30,RFI Creation,Chi Complex,Completed,Information requests,
1038,1029,22,17,20-03-2025,2.5,09:00,11:30,COR Updation,Chi Complex,Completed,Document updates,
1039,1029,22,41,20-03-2025,2,13:00,15:00,Back Checking(Checking),Chi Complex,Completed,Secondary review,
1040,1029,22,10,21-03-2025,2.7,10:00,12:42,Model Checking,Chi Complex,Completed,Final check,
1041,1029,22,9,21-03-2025,2.5,14:00,16:30,Shop Drawing Editing,Chi Complex,Completed,Drawing edits,
1030,1029,22,34,22-03-2025,2,09:00,11:00,Back Draft,Chi Complex,Completed,Revision work,
1031,1029,22,14,22-03-2025,2.3,13:00,15:18,Submission Process,Chi Complex,Completed,Client submission,
1032,1029,22,15,23-03-2025,2.5,10:00,12:30,Field Work,Chi Complex,Completed,Site coordination,
1033,1029,22,8,23-03-2025,2,14:00,16:00,E Sheet Editing,Chi Complex,Completed,Engineering edits,
1034,1029,22,21,24-03-2025,2,09:00,11:00,Shop Requirement Reports,Chi Complex,Completed,Material lists,
1035,1029,22,19,24-03-2025,1.5,13:00,14:30,Other Discipline Coord,Chi Complex,Completed,MEP coordination,
1043,1042,7,6,01-03-2025,4.5,09:00,13:30,Main Steel Modelling,Eta Gardens,Completed,Structural framework,
1043,1042,7,1,01-03-2025,2.5,14:00,16:30,Design Drawing Study,Eta Gardens,Completed,Design analysis,
1044,1042,7,7,02-03-2025,4,09:30,13:30,Misc Steel Modelling,Eta Gardens,Completed,Secondary elements,
1044,1042,7,5,02-03-2025,3,14:00,17:00,Macro Creation,Eta Gardens,Completed,Automation setup,
1045,1042,7,32,03-03-2025,3.5,10:00,13:30,Model Correction,Eta Gardens,Completed,Error resolution,
1045,1042,7,30,03-03-2025,2.5,14:00,16:30,Clash Check,Eta Gardens,Completed,Interference check,
1046,1042,7,6,04-03-2025,3.5,09:00,12:30,Main Steel Modelling,Eta Gardens,Completed,Beam placement,
1046,1042,7,4,04-03-2025,2.5,13:00,15:30,Model Member Placement,Eta Gardens,Completed,Column setup,
1047,1042,7,7,05-03-2025,3.5,10:00,13:30,Misc Steel Modelling,Eta Gardens,Completed,Connection details,
1048,1042,7,5,05-03-2025,2.5,14:00,16:30,Macro Creation,Eta Gardens,Completed,Template work,
1049,1042,7,6,06-03-2025,3.5,09:00,12:30,Main Steel Modelling,Eta Gardens,Completed,Foundation steel,
1050,1042,7,7,06-03-2025,2.5,13:00,15:30,Misc Steel Modelling,Eta Gardens,Completed,Bracing elements,
1051,1042,7,4,07-03-2025,3.5,10:00,13:30,Model Member Placement,Eta Gardens,Completed,Grid system,
1052,1042,7,33,07-03-2025,2,14:00,16:00,Project discussion,Eta Gardens,Completed,Team coordination,
1043,1042,7,10,08-03-2025,3.5,09:00,12:30,Model Checking,Eta Gardens,Completed,Quality review,
1044,1042,7,11,08-03-2025,3,13:30,16:30,E Sheet Checking,Eta Gardens,Completed,Drawings check,
1045,1042,7,12,09-03-2025,3.5,10:00,13:30,Shop Drawing Checking,Eta Gardens,Completed,Fabrication drawings,
1046,1042,7,35,09-03-2025,2.5,14:00,16:30,Design Drawing Study(Checking),Eta Gardens,Completed,Design compliance,
1047,1042,7,38,10-03-2025,2.5,09:00,11:30,Clash Check(Checking),Eta Gardens,Completed,Interference review,
1048,1042,7,39,10-03-2025,2,13:00,15:00,1 to 1 Changes Review(Checking),Eta Gardens,Completed,Change verification,
1049,1042,7,16,11-03-2025,3,10:00,13:00,COR Evaluation,Eta Gardens,Completed,Change orders,
1050,1042,7,13,11-03-2025,2.5,14:00,16:30,RFI Creation,Eta Gardens,Completed,Information requests,
1051,1042,7,17,12-03-2025,2.5,09:00,11:30,COR Updation,Eta Gardens,Completed,Document updates,
1052,1042,7,41,12-03-2025,2,13:00,15:00,Back Checking(Checking),Eta Gardens,Completed,Secondary review,
1053,1042,7,9,13-03-2025,2.5,10:00,12:30,Shop Drawing Editing,Eta Gardens,Completed,Drawing modifications,
1054,1042,7,34,13-03-2025,2,14:00,16:00,Back Draft,Eta Gardens,Completed,Revision work,
1053,1042,7,14,14-03-2025,2.5,09:00,11:30,Submission Process,Eta Gardens,Completed,Client submission,
1054,1042,7,15,14-03-2025,2.5,13:00,15:30,Field Work,Eta Gardens,Completed,Site coordination,
1047,1042,7,8,15-03-2025,2.5,10:00,12:30,E Sheet Editing,Eta Gardens,Completed,Engineering edits,
1048,1042,7,21,15-03-2025,2,14:00,16:00,Shop Requirement Reports,Eta Gardens,Completed,Material lists,
1049,1042,7,19,16-03-2025,2,09:00,11:00,Other Discipline Coord,Eta Gardens,Completed,MEP coordination,
1050,1042,7,20,16-03-2025,2,13:00,15:00,Team Coord,Eta Gardens,Completed,Team management,
1043,1042,8,6,10-03-2025,3.5,09:00,12:30,Main Steel Modelling,Theta Residency,Completed,Structural work,
1043,1042,8,1,10-03-2025,2,14:00,16:00,Design Drawing Study,Theta Residency,Completed,Design analysis,
1044,1042,8,7,11-03-2025,3,09:30,12:30,Misc Steel Modelling,Theta Residency,Completed,Secondary steel,
1044,1042,8,5,11-03-2025,2,14:00,16:00,Macro Creation,Theta Residency,Completed,Automation setup,
1045,1042,8,32,12-03-2025,2.5,10:00,12:30,Model Correction,Theta Residency,Completed,Error fixing,
1045,1042,8,30,12-03-2025,2,14:00,16:00,Clash Check,Theta Residency,Completed,Interference check,
1046,1042,8,6,13-03-2025,3,09:00,12:00,Main Steel Modelling,Theta Residency,Completed,Beam work,
1046,1042,8,4,13-03-2025,2,13:00,15:00,Model Member Placement,Theta Residency,Completed,Column setup,
1047,1042,8,7,14-03-2025,2.5,10:00,12:30,Misc Steel Modelling,Theta Residency,Completed,Connections,
1048,1042,8,5,14-03-2025,2,14:00,16:00,Macro Creation,Theta Residency,Completed,Template creation,
1049,1042,8,6,15-03-2025,2.5,09:00,11:30,Main Steel Modelling,Theta Residency,Completed,Foundation,
1050,1042,8,7,15-03-2025,2,13:00,15:00,Misc Steel Modelling,Theta Residency,Completed,Bracing,
1051,1042,8,4,16-03-2025,2.5,10:00,12:30,Model Member Placement,Theta Residency,Completed,Grid setup,
1052,1042,8,33,16-03-2025,1.5,14:00,15:30,Project discussion,Theta Residency,Completed,Team coordination,
1043,1042,8,10,17-03-2025,2.8,09:00,11:48,Model Checking,Theta Residency,Completed,Quality review,
1044,1042,8,11,17-03-2025,2.5,14:00,16:30,E Sheet Checking,Theta Residency,Completed,Engineering drawings,
1045,1042,8,12,18-03-2025,2.5,10:00,12:30,Shop Drawing Checking,Theta Residency,Completed,Fabrication drawings,
1046,1042,8,35,18-03-2025,2,14:00,16:00,Design Drawing Study(Checking),Theta Residency,Completed,Design compliance,
1047,1042,8,38,19-03-2025,2,09:00,11:00,Clash Check(Checking),Theta Residency,Completed,Interference review,
1048,1042,8,39,19-03-2025,1.8,13:00,14:48,1 to 1 Changes Review(Checking),Theta Residency,Completed,Change verification,
1049,1042,8,16,20-03-2025,2.5,10:00,12:30,COR Evaluation,Theta Residency,Completed,Change orders,
1050,1042,8,13,20-03-2025,2.2,14:00,16:12,RFI Creation,Theta Residency,Completed,Information requests,
1051,1042,8,17,21-03-2025,2,09:00,11:00,COR Updation,Theta Residency,Completed,Document updates,
1052,1042,8,41,21-03-2025,1.8,13:00,14:48,Back Checking(Checking),Theta Residency,Completed,Secondary review,
1053,1042,8,9,22-03-2025,2,10:00,12:00,Shop Drawing Editing,Theta Residency,Completed,Drawing edits,
1054,1042,8,34,22-03-2025,1.8,14:00,15:48,Back Draft,Theta Residency,Completed,Revision work,
1053,1042,8,14,23-03-2025,2,09:00,11:00,Submission Process,Theta Residency,Completed,Client submission,
1054,1042,8,15,23-03-2025,1.8,13:00,14:48,Field Work,Theta Residency,Completed,Site coordination,
1047,1042,8,8,24-03-2025,2,10:00,12:00,E Sheet Editing,Theta Residency,Completed,Engineering edits,
1048,1042,8,21,24-03-2025,1.5,14:00,15:30,Shop Requirement Reports,Theta Residency,Completed,Material lists,
1043,1042,23,6,25-02-2025,4,09:00,13:00,Main Steel Modelling,Psi Gardens,Completed,Structural framework,
1043,1042,23,1,25-02-2025,2.5,14:00,16:30,Design Drawing Study,Psi Gardens,Completed,Design analysis,
1044,1042,23,7,26-02-2025,3.5,09:30,13:00,Misc Steel Modelling,Psi Gardens,Completed,Secondary elements,
1044,1042,23,5,26-02-2025,3,14:00,17:00,Macro Creation,Psi Gardens,Completed,Automation setup,
1045,1042,23,32,27-02-2025,3.5,10:00,13:30,Model Correction,Psi Gardens,Completed,Error resolution,
1045,1042,23,30,27-02-2025,2.5,14:00,16:30,Clash Check,Psi Gardens,Completed,Interference check,
1046,1042,23,6,28-02-2025,3.5,09:00,12:30,Main Steel Modelling,Psi Gardens,Completed,Beam placement,
1046,1042,23,4,28-02-2025,2.5,13:00,15:30,Model Member Placement,Psi Gardens,Completed,Column setup,
1047,1042,23,7,01-03-2025,3.5,10:00,13:30,Misc Steel Modelling,Psi Gardens,Completed,Connection details,
1048,1042,23,5,01-03-2025,2.5,14:00,16:30,Macro Creation,Psi Gardens,Completed,Template work,
1049,1042,23,6,02-03-2025,3,09:00,12:00,Main Steel Modelling,Psi Gardens,Completed,Foundation steel,
1050,1042,23,7,02-03-2025,2.5,13:00,15:30,Misc Steel Modelling,Psi Gardens,Completed,Bracing elements,
1051,1042,23,4,03-03-2025,3,10:00,13:00,Model Member Placement,Psi Gardens,Completed,Grid system,
1052,1042,23,33,03-03-2025,2,14:00,16:00,Project discussion,Psi Gardens,Completed,Team coordination,
1043,1042,23,10,04-03-2025,3.5,09:00,12:30,Model Checking,Psi Gardens,Completed,Quality review,
1044,1042,23,11,04-03-2025,3,13:30,16:30,E Sheet Checking,Psi Gardens,Completed,Drawings check,
1045,1042,23,12,05-03-2025,3.5,10:00,13:30,Shop Drawing Checking,Psi Gardens,Completed,Fabrication drawings,
1046,1042,23,35,05-03-2025,2.5,14:00,16:30,Design Drawing Study(Checking),Psi Gardens,Completed,Design compliance,
1047,1042,23,38,06-03-2025,2.5,09:00,11:30,Clash Check(Checking),Psi Gardens,Completed,Interference review,
1048,1042,23,39,06-03-2025,2,13:00,15:00,1 to 1 Changes Review(Checking),Psi Gardens,Completed,Change verification,
1049,1042,23,16,07-03-2025,3,10:00,13:00,COR Evaluation,Psi Gardens,Completed,Change orders,
1050,1042,23,13,07-03-2025,2.5,14:00,16:30,RFI Creation,Psi Gardens,Completed,Information requests,
1051,1042,23,17,08-03-2025,2.5,09:00,11:30,COR Updation,Psi Gardens,Completed,Document updates,
1052,1042,23,41,08-03-2025,2,13:00,15:00,Back Checking(Checking),Psi Gardens,Completed,Secondary review,
1053,1042,23,9,09-03-2025,2.5,10:00,12:30,Shop Drawing Editing,Psi Gardens,Completed,Drawing modifications,
1054,1042,23,34,09-03-2025,2,14:00,16:00,Back Draft,Psi Gardens,Completed,Revision work,
1053,1042,23,14,10-03-2025,2.5,09:00,11:30,Submission Process,Psi Gardens,Completed,Client submission,
1054,1042,23,15,10-03-2025,2.5,13:00,15:30,Field Work,Psi Gardens,Completed,Site coordination,
1047,1042,23,8,11-03-2025,2.5,10:00,12:30,E Sheet Editing,Psi Gardens,Completed,Engineering edits,
1048,1042,23,21,11-03-2025,2,14:00,16:00,Shop Requirement Reports,Psi Gardens,Completed,Material lists,
1043,1042,24,6,02-03-2025,4,09:00,13:00,Main Steel Modelling,Omega Residency,Completed,Structural framework,
1043,1042,24,1,02-03-2025,2,14:00,16:00,Design Drawing Study,Omega Residency,Completed,Design analysis,
1044,1042,24,7,03-03-2025,3.5,09:30,13:00,Misc Steel Modelling,Omega Residency,Completed,Secondary elements,
1044,1042,24,5,03-03-2025,2.5,14:00,16:30,Macro Creation,Omega Residency,Completed,Automation setup,
1045,1042,24,32,04-03-2025,3,10:00,13:00,Model Correction,Omega Residency,Completed,Error resolution,
1045,1042,24,30,04-03-2025,2,14:00,16:00,Clash Check,Omega Residency,Completed,Interference check,
1046,1042,24,6,05-03-2025,3,09:00,12:00,Main Steel Modelling,Omega Residency,Completed,Beam placement,
1046,1042,24,4,05-03-2025,2,13:00,15:00,Model Member Placement,Omega Residency,Completed,Column setup,
1047,1042,24,7,06-03-2025,3,10:00,13:00,Misc Steel Modelling,Omega Residency,Completed,Connection details,
1048,1042,24,5,06-03-2025,2,14:00,16:00,Macro Creation,Omega Residency,Completed,Template work,
1049,1042,24,6,07-03-2025,2.5,09:00,11:30,Main Steel Modelling,Omega Residency,Completed,Foundation steel,
1050,1042,24,7,07-03-2025,2,13:00,15:00,Misc Steel Modelling,Omega Residency,Completed,Bracing elements,
1051,1042,24,4,08-03-2025,2.5,10:00,12:30,Model Member Placement,Omega Residency,Completed,Grid system,
1052,1042,24,33,08-03-2025,1.5,14:00,15:30,Project discussion,Omega Residency,Completed,Team coordination,
1043,1042,24,10,09-03-2025,3,09:00,12:00,Model Checking,Omega Residency,Completed,Quality review,
1044,1042,24,11,09-03-2025,2.5,14:00,16:30,E Sheet Checking,Omega Residency,Completed,Drawings check,
1045,1042,24,12,10-03-2025,3,10:00,13:00,Shop Drawing Checking,Omega Residency,Completed,Fabrication drawings,
1046,1042,24,35,10-03-2025,2.5,14:00,16:30,Design Drawing Study(Checking),Omega Residency,Completed,Design compliance,
1047,1042,24,38,11-03-2025,2.5,09:00,11:30,Clash Check(Checking),Omega Residency,Completed,Interference review,
1048,1042,24,39,11-03-2025,2,13:00,15:00,1 to 1 Changes Review(Checking),Omega Residency,Completed,Change verification,
1049,1042,24,16,12-03-2025,2.5,10:00,12:30,COR Evaluation,Omega Residency,Completed,Change orders,
1050,1042,24,13,12-03-2025,2.5,14:00,16:30,RFI Creation,Omega Residency,Completed,Information requests,
1051,1042,24,17,13-03-2025,2.5,09:00,11:30,COR Updation,Omega Residency,Completed,Document updates,
1052,1042,24,41,13-03-2025,2,13:00,15:00,Back Checking(Checking),Omega Residency,Completed,Secondary review,
1053,1042,24,9,14-03-2025,2.5,10:00,12:30,Shop Drawing Editing,Omega Residency,Completed,Drawing modifications,
1054,1042,24,34,14-03-2025,2,14:00,16:00,Back Draft,Omega Residency,Completed,Revision work,
1053,1042,24,14,15-03-2025,2.5,09:00,11:30,Submission Process,Omega Residency,Completed,Client submission,
1054,1042,24,15,15-03-2025,2.5,13:00,15:30,Field Work,Omega Residency,Completed,Site coordination,
1047,1042,24,8,16-03-2025,2.5,10:00,12:30,E Sheet Editing,Omega Residency,Completed,Engineering edits,
1048,1042,24,21,16-03-2025,2,14:00,16:00,Shop Requirement Reports,Omega Residency,Completed,Material lists,
1056,1055,9,6,25-01-2025,4.5,09:00,13:30,Main Steel Modelling,Iota Towers,Completed,Structural framework,
1056,1055,9,1,25-01-2025,2.5,14:00,16:30,Design Drawing Study,Iota Towers,Completed,Design analysis,
1057,1055,9,7,26-01-2025,4,09:30,13:30,Misc Steel Modelling,Iota Towers,Completed,Secondary elements,
1057,1055,9,5,26-01-2025,3,14:00,17:00,Macro Creation,Iota Towers,Completed,Automation setup,
1058,1055,9,32,27-01-2025,3.5,10:00,13:30,Model Correction,Iota Towers,Completed,Error resolution,
1058,1055,9,30,27-01-2025,2.5,14:00,16:30,Clash Check,Iota Towers,Completed,Interference check,
1059,1055,9,6,28-01-2025,3.5,09:00,12:30,Main Steel Modelling,Iota Towers,Completed,Beam placement,
1059,1055,9,4,28-01-2025,2.5,13:00,15:30,Model Member Placement,Iota Towers,Completed,Column setup,
1060,1055,9,7,29-01-2025,3.5,10:00,13:30,Misc Steel Modelling,Iota Towers,Completed,Connection details,
1061,1055,9,5,29-01-2025,2.5,14:00,16:30,Macro Creation,Iota Towers,Completed,Template work,
1062,1055,9,6,30-01-2025,3.5,09:00,12:30,Main Steel Modelling,Iota Towers,Completed,Foundation steel,
1063,1055,9,7,30-01-2025,2.5,13:00,15:30,Misc Steel Modelling,Iota Towers,Completed,Bracing elements,
1064,1055,9,4,31-01-2025,3.5,10:00,13:30,Model Member Placement,Iota Towers,Completed,Grid system,
1065,1055,9,33,31-01-2025,2,14:00,16:00,Project discussion,Iota Towers,Completed,Team coordination,
1056,1055,9,10,01-02-2025,3.5,09:00,12:30,Model Checking,Iota Towers,Completed,Quality review,
1057,1055,9,11,01-02-2025,3,13:30,16:30,E Sheet Checking,Iota Towers,Completed,Drawings check,
1058,1055,9,12,02-02-2025,3.5,10:00,13:30,Shop Drawing Checking,Iota Towers,Completed,Fabrication drawings,
1059,1055,9,35,02-02-2025,2.5,14:00,16:30,Design Drawing Study(Checking),Iota Towers,Completed,Design compliance,
1060,1055,9,38,03-02-2025,2.5,09:00,11:30,Clash Check(Checking),Iota Towers,Completed,Interference review,
1061,1055,9,39,03-02-2025,2,13:00,15:00,1 to 1 Changes Review(Checking),Iota Towers,Completed,Change verification,
1062,1055,9,16,04-02-2025,3,10:00,13:00,COR Evaluation,Iota Towers,Completed,Change orders,
1063,1055,9,13,04-02-2025,2.5,14:00,16:30,RFI Creation,Iota Towers,Completed,Information requests,
1064,1055,9,17,05-02-2025,2.5,09:00,11:30,COR Updation,Iota Towers,Completed,Document updates,
1065,1055,9,41,05-02-2025,2,13:00,15:00,Back Checking(Checking),Iota Towers,Completed,Secondary review,
1066,1055,9,9,06-02-2025,2.5,10:00,12:30,Shop Drawing Editing,Iota Towers,Completed,Drawing modifications,
1067,1055,9,34,06-02-2025,2,14:00,16:00,Back Draft,Iota Towers,Completed,Revision work,
1066,1055,9,14,07-02-2025,2.5,09:00,11:30,Submission Process,Iota Towers,Completed,Client submission,
1067,1055,9,15,07-02-2025,2.5,13:00,15:30,Field Work,Iota Towers,Completed,Site coordination,
1060,1055,9,8,08-02-2025,2.5,10:00,12:30,E Sheet Editing,Iota Towers,Completed,Engineering edits,
1061,1055,9,21,08-02-2025,2,14:00,16:00,Shop Requirement Reports,Iota Towers,Completed,Material lists,
1062,1055,9,19,09-02-2025,2,09:00,11:00,Other Discipline Coord,Iota Towers,Completed,MEP coordination,
1063,1055,9,20,09-02-2025,1.8,13:00,14:48,Team Coord,Iota Towers,Completed,Team management,
1056,1055,10,6,12-02-2025,3.5,09:00,12:30,Main Steel Modelling,Kappa Plaza,Completed,Structural work,
1056,1055,10,1,12-02-2025,2,14:00,16:00,Design Drawing Study,Kappa Plaza,Completed,Design analysis,
1057,1055,10,7,13-02-2025,3,09:30,12:30,Misc Steel Modelling,Kappa Plaza,Completed,Secondary steel,
1057,1055,10,5,13-02-2025,2,14:00,16:00,Macro Creation,Kappa Plaza,Completed,Automation setup,
1058,1055,10,32,14-02-2025,2.5,10:00,12:30,Model Correction,Kappa Plaza,Completed,Error fixing,
1058,1055,10,30,14-02-2025,2,14:00,16:00,Clash Check,Kappa Plaza,Completed,Interference check,
1059,1055,10,6,15-02-2025,3,09:00,12:00,Main Steel Modelling,Kappa Plaza,Completed,Beam work,
1059,1055,10,4,15-02-2025,2,13:00,15:00,Model Member Placement,Kappa Plaza,Completed,Column setup,
1060,1055,10,7,16-02-2025,2.5,10:00,12:30,Misc Steel Modelling,Kappa Plaza,Completed,Connections,
1061,1055,10,5,16-02-2025,2,14:00,16:00,Macro Creation,Kappa Plaza,Completed,Template creation,
1062,1055,10,6,17-02-2025,2.5,09:00,11:30,Main Steel Modelling,Kappa Plaza,Completed,Foundation,
1063,1055,10,7,17-02-2025,2,13:00,15:00,Misc Steel Modelling,Kappa Plaza,Completed,Bracing,
1056,1055,10,10,18-02-2025,3,09:00,12:00,Model Checking,Kappa Plaza,Completed,Quality review,
1057,1055,10,11,18-02-2025,2.5,14:00,16:30,E Sheet Checking,Kappa Plaza,Completed,Engineering drawings,
1058,1055,10,12,19-02-2025,2.5,10:00,12:30,Shop Drawing Checking,Kappa Plaza,Completed,Fabrication drawings,
1059,1055,10,35,19-02-2025,2,14:00,16:00,Design Drawing Study(Checking),Kappa Plaza,Completed,Design compliance,
1060,1055,10,38,20-02-2025,2,09:00,11:00,Clash Check(Checking),Kappa Plaza,Completed,Interference review,
1061,1055,10,39,20-02-2025,2,13:00,15:00,1 to 1 Changes Review(Checking),Kappa Plaza,Completed,Change verification,
1062,1055,10,16,21-02-2025,2.5,10:00,12:30,COR Evaluation,Kappa Plaza,Completed,Change orders,
1063,1055,10,13,21-02-2025,2.5,14:00,16:30,RFI Creation,Kappa Plaza,Completed,Information requests,
1064,1055,10,17,22-02-2025,2,09:00,11:00,COR Updation,Kappa Plaza,Completed,Document updates,
1065,1055,10,41,22-02-2025,2,13:00,15:00,Back Checking(Checking),Kappa Plaza,Completed,Secondary review,
1066,1055,10,9,23-02-2025,2,10:00,12:00,Shop Drawing Editing,Kappa Plaza,Completed,Drawing edits,
1067,1055,10,34,23-02-2025,2,14:00,16:00,Back Draft,Kappa Plaza,Completed,Revision work,
1066,1055,10,14,24-02-2025,2,09:00,11:00,Submission Process,Kappa Plaza,Completed,Client submission,
1067,1055,10,15,24-02-2025,2,13:00,15:00,Field Work,Kappa Plaza,Completed,Site coordination,
1069,1068,11,6,15-01-2025,4.5,09:00,13:30,Main Steel Modelling,Lambda Heights,Completed,Structural framework,
1069,1068,11,1,15-01-2025,3,14:00,17:00,Design Drawing Study,Lambda Heights,Completed,Design analysis,
1070,1068,11,7,16-01-2025,4,09:30,13:30,Misc Steel Modelling,Lambda Heights,Completed,Secondary elements,
1070,1068,11,5,16-01-2025,3,14:00,17:00,Macro Creation,Lambda Heights,Completed,Automation setup,
1071,1068,11,32,17-01-2025,3.5,10:00,13:30,Model Correction,Lambda Heights,Completed,Error resolution,
1071,1068,11,30,17-01-2025,2.5,14:00,16:30,Clash Check,Lambda Heights,Completed,Interference check,
1072,1068,11,6,18-01-2025,3.5,09:00,12:30,Main Steel Modelling,Lambda Heights,Completed,Beam placement,
1072,1068,11,4,18-01-2025,2.5,13:00,15:30,Model Member Placement,Lambda Heights,Completed,Column setup,
1073,1068,11,7,19-01-2025,3.5,10:00,13:30,Misc Steel Modelling,Lambda Heights,Completed,Connection details,
1074,1068,11,5,19-01-2025,2.5,14:00,16:30,Macro Creation,Lambda Heights,Completed,Template work,
1075,1068,11,6,20-01-2025,3.5,09:00,12:30,Main Steel Modelling,Lambda Heights,Completed,Foundation steel,
1076,1068,11,7,20-01-2025,2.5,13:00,15:30,Misc Steel Modelling,Lambda Heights,Completed,Bracing elements,
1077,1068,11,4,21-01-2025,3.5,10:00,13:30,Model Member Placement,Lambda Heights,Completed,Grid system,
1078,1068,11,33,21-01-2025,2,14:00,16:00,Project discussion,Lambda Heights,Completed,Team coordination,
1079,1068,11,6,22-01-2025,3,09:00,12:00,Main Steel Modelling,Lambda Heights,Completed,Additional steel work,
1080,1068,11,7,22-01-2025,2,13:00,15:00,Misc Steel Modelling,Lambda Heights,Completed,Final connections,
1069,1068,11,10,23-01-2025,3.5,09:00,12:30,Model Checking,Lambda Heights,Completed,Quality review,
1070,1068,11,11,23-01-2025,3,13:30,16:30,E Sheet Checking,Lambda Heights,Completed,Drawings check,
1071,1068,11,12,24-01-2025,3.5,10:00,13:30,Shop Drawing Checking,Lambda Heights,Completed,Fabrication drawings,
1072,1068,11,35,24-01-2025,2.5,14:00,16:30,Design Drawing Study(Checking),Lambda Heights,Completed,Design compliance,
1073,1068,11,38,25-01-2025,2.5,09:00,11:30,Clash Check(Checking),Lambda Heights,Completed,Interference review,
1074,1068,11,39,25-01-2025,2,13:00,15:00,1 to 1 Changes Review(Checking),Lambda Heights,Completed,Change verification,
1075,1068,11,16,26-01-2025,3,10:00,13:00,COR Evaluation,Lambda Heights,Completed,Change orders,
1076,1068,11,13,26-01-2025,2.5,14:00,16:30,RFI Creation,Lambda Heights,Completed,Information requests,
1077,1068,11,17,27-01-2025,2.5,09:00,11:30,COR Updation,Lambda Heights,Completed,Document updates,
1078,1068,11,41,27-01-2025,2,13:00,15:00,Back Checking(Checking),Lambda Heights,Completed,Secondary review,
1079,1068,11,10,28-01-2025,3,10:00,13:00,Model Checking,Lambda Heights,Completed,Final model check,
1080,1068,11,11,28-01-2025,2.5,14:00,16:30,E Sheet Checking,Lambda Heights,Completed,Engineering drawings,
1069,1068,11,9,29-01-2025,2.5,09:00,11:30,Shop Drawing Editing,Lambda Heights,Completed,Drawing modifications,
1070,1068,11,34,29-01-2025,2,13:00,15:00,Back Draft,Lambda Heights,Completed,Revision work,
1071,1068,11,14,30-01-2025,2.5,10:00,12:30,Submission Process,Lambda Heights,Completed,Client submission,
1072,1068,11,15,30-01-2025,2.5,13:00,15:30,Field Work,Lambda Heights,Completed,Site coordination,
1073,1068,11,8,31-01-2025,2.5,09:00,11:30,E Sheet Editing,Lambda Heights,Completed,Engineering edits,
1074,1068,11,21,31-01-2025,2,13:00,15:00,Shop Requirement Reports,Lambda Heights,Completed,Material lists,
1075,1068,11,19,01-02-2025,2,10:00,12:00,Other Discipline Coord,Lambda Heights,Completed,MEP coordination,
1076,1068,11,20,01-02-2025,2,13:00,15:00,Team Coord,Lambda Heights,Completed,Team management,
1069,1068,12,6,05-02-2025,4,09:00,13:00,Main Steel Modelling,Mu Residency,Completed,Structural framework,
1069,1068,12,1,05-02-2025,2,14:00,16:00,Design Drawing Study,Mu Residency,Completed,Design analysis,
1070,1068,12,7,06-02-2025,3.5,09:30,13:00,Misc Steel Modelling,Mu Residency,Completed,Secondary elements,
1070,1068,12,5,06-02-2025,2.5,14:00,16:30,Macro Creation,Mu Residency,Completed,Automation setup,
1071,1068,12,32,07-02-2025,3,10:00,13:00,Model Correction,Mu Residency,Completed,Error resolution,
1071,1068,12,30,07-02-2025,2,14:00,16:00,Clash Check,Mu Residency,Completed,Interference check,
1072,1068,12,6,08-02-2025,3,09:00,12:00,Main Steel Modelling,Mu Residency,Completed,Beam placement,
1072,1068,12,4,08-02-2025,2,13:00,15:00,Model Member Placement,Mu Residency,Completed,Column setup,
1073,1068,12,7,09-02-2025,3,10:00,13:00,Misc Steel Modelling,Mu Residency,Completed,Connection details,
1074,1068,12,5,09-02-2025,2,14:00,16:00,Macro Creation,Mu Residency,Completed,Template work,
1075,1068,12,6,10-02-2025,2.5,09:00,11:30,Main Steel Modelling,Mu Residency,Completed,Foundation steel,
1076,1068,12,7,10-02-2025,2,13:00,15:00,Misc Steel Modelling,Mu Residency,Completed,Bracing elements,
1077,1068,12,4,11-02-2025,2.5,10:00,12:30,Model Member Placement,Mu Residency,Completed,Grid system,
1078,1068,12,33,11-02-2025,1.5,14:00,15:30,Project discussion,Mu Residency,Completed,Team coordination,
1069,1068,12,10,12-02-2025,3,09:00,12:00,Model Checking,Mu Residency,Completed,Quality review,
1070,1068,12,11,12-02-2025,2.5,14:00,16:30,E Sheet Checking,Mu Residency,Completed,Drawings check,
1071,1068,12,12,13-02-2025,3,10:00,13:00,Shop Drawing Checking,Mu Residency,Completed,Fabrication drawings,
1072,1068,12,35,13-02-2025,2.5,14:00,16:30,Design Drawing Study(Checking),Mu Residency,Completed,Design compliance,
1073,1068,12,38,14-02-2025,2.5,09:00,11:30,Clash Check(Checking),Mu Residency,Completed,Interference review,
1074,1068,12,39,14-02-2025,2,13:00,15:00,1 to 1 Changes Review(Checking),Mu Residency,Completed,Change verification,
1075,1068,12,16,15-02-2025,2.5,10:00,12:30,COR Evaluation,Mu Residency,Completed,Change orders,
1076,1068,12,13,15-02-2025,2.5,14:00,16:30,RFI Creation,Mu Residency,Completed,Information requests,
1077,1068,12,17,16-02-2025,2.5,09:00,11:30,COR Updation,Mu Residency,Completed,Document updates,
1078,1068,12,41,16-02-2025,2,13:00,15:00,Back Checking(Checking),Mu Residency,Completed,Secondary review,
1079,1068,12,9,17-02-2025,2.5,10:00,12:30,Shop Drawing Editing,Mu Residency,Completed,Drawing modifications,
1080,1068,12,34,17-02-2025,2,14:00,16:00,Back Draft,Mu Residency,Completed,Revision work,
1079,1068,12,14,18-02-2025,2.5,09:00,11:30,Submission Process,Mu Residency,Completed,Client submission,
1080,1068,12,15,18-02-2025,2.5,13:00,15:30,Field Work,Mu Residency,Completed,Site coordination,
1073,1068,12,8,19-02-2025,2.5,10:00,12:30,E Sheet Editing,Mu Residency,Completed,Engineering edits,
1074,1068,12,21,19-02-2025,2,14:00,16:00,Shop Requirement Reports,Mu Residency,Completed,Material lists,
1069,1068,26,6,12-03-2025,4,09:00,13:00,Main Steel Modelling,Beta Heights,Completed,Structural framework,
1069,1068,26,1,12-03-2025,2,14:00,16:00,Design Drawing Study,Beta Heights,Completed,Design analysis,
1070,1068,26,7,13-03-2025,3.5,09:30,13:00,Misc Steel Modelling,Beta Heights,Completed,Secondary elements,
1070,1068,26,5,13-03-2025,2.5,14:00,16:30,Macro Creation,Beta Heights,Completed,Automation setup,
1071,1068,26,32,14-03-2025,3,10:00,13:00,Model Correction,Beta Heights,Completed,Error resolution,
1071,1068,26,30,14-03-2025,2,14:00,16:00,Clash Check,Beta Heights,Completed,Interference check,
1072,1068,26,6,15-03-2025,3,09:00,12:00,Main Steel Modelling,Beta Heights,Completed,Beam placement,
1072,1068,26,4,15-03-2025,2,13:00,15:00,Model Member Placement,Beta Heights,Completed,Column setup,
1073,1068,26,7,16-03-2025,3,10:00,13:00,Misc Steel Modelling,Beta Heights,Completed,Connection details,
1074,1068,26,5,16-03-2025,2,14:00,16:00,Macro Creation,Beta Heights,Completed,Template work,
1075,1068,26,6,17-03-2025,2.5,09:00,11:30,Main Steel Modelling,Beta Heights,Completed,Foundation steel,
1076,1068,26,7,17-03-2025,2,13:00,15:00,Misc Steel Modelling,Beta Heights,Completed,Bracing elements,
1077,1068,26,4,18-03-2025,2.5,10:00,12:30,Model Member Placement,Beta Heights,Completed,Grid system,
1078,1068,26,33,18-03-2025,1.5,14:00,15:30,Project discussion,Beta Heights,Completed,Team coordination,
1079,1068,26,6,19-03-2025,2.5,09:00,11:30,Main Steel Modelling,Beta Heights,Completed,Additional steel,
1080,1068,26,7,19-03-2025,2,13:00,15:00,Misc Steel Modelling,Beta Heights,Completed,Final connections,
1069,1068,26,10,20-03-2025,3,09:00,12:00,Model Checking,Beta Heights,Completed,Quality review,
1070,1068,26,11,20-03-2025,2.5,14:00,16:30,E Sheet Checking,Beta Heights,Completed,Drawings check,
1071,1068,26,12,21-03-2025,3,10:00,13:00,Shop Drawing Checking,Beta Heights,Completed,Fabrication drawings,
1072,1068,26,35,21-03-2025,2.5,14:00,16:30,Design Drawing Study(Checking),Beta Heights,Completed,Design compliance,
1073,1068,26,38,22-03-2025,2.5,09:00,11:30,Clash Check(Checking),Beta Heights,Completed,Interference review,
1074,1068,26,39,22-03-2025,2,13:00,15:00,1 to 1 Changes Review(Checking),Beta Heights,Completed,Change verification,
1075,1068,26,16,23-03-2025,2.5,10:00,12:30,COR Evaluation,Beta Heights,Completed,Change orders,
1076,1068,26,13,23-03-2025,2.5,14:00,16:30,RFI Creation,Beta Heights,Completed,Information requests,
1077,1068,26,17,24-03-2025,2.5,09:00,11:30,COR Updation,Beta Heights,Completed,Document updates,
1078,1068,26,41,24-03-2025,2,13:00,15:00,Back Checking(Checking),Beta Heights,Completed,Secondary review,
1079,1068,26,10,25-03-2025,2.5,10:00,12:30,Model Checking,Beta Heights,Completed,Final model check,
1080,1068,26,11,25-03-2025,2,14:00,16:00,E Sheet Checking,Beta Heights,Completed,Engineering drawings,
1069,1068,26,9,26-03-2025,2.5,09:00,11:30,Shop Drawing Editing,Beta Heights,Completed,Drawing modifications,
1070,1068,26,34,26-03-2025,2,13:00,15:00,Back Draft,Beta Heights,Completed,Revision work,
1071,1068,26,14,27-03-2025,2.5,10:00,12:30,Submission Process,Beta Heights,Completed,Client submission,
1072,1068,26,15,27-03-2025,2.5,13:00,15:30,Field Work,Beta Heights,Completed,Site coordination,
1073,1068,26,8,28-03-2025,2.5,09:00,11:30,E Sheet Editing,Beta Heights,Completed,Engineering edits,
1074,1068,26,21,28-03-2025,2,13:00,15:00,Shop Requirement Reports,Beta Heights,Completed,Material lists,
1075,1068,26,19,29-03-2025,1.5,10:00,11:30,Other Discipline Coord,Beta Heights,Completed,MEP coordination,
1076,1068,26,20,29-03-2025,1.5,13:00,14:30,Team Coord,Beta Heights,Completed,Team management,
1082,1081,13,6,01-03-2025,4,09:00,13:00,Main Steel Modelling,Nu Mall,Completed,Structural framework,
1082,1081,13,1,01-03-2025,2,14:00,16:00,Design Drawing Study,Nu Mall,Completed,Design analysis,
1083,1081,13,7,02-03-2025,3.5,09:30,13:00,Misc Steel Modelling,Nu Mall,Completed,Secondary elements,
1083,1081,13,5,02-03-2025,2.5,14:00,16:30,Macro Creation,Nu Mall,Completed,Automation setup,
1084,1081,13,32,03-03-2025,3,10:00,13:00,Model Correction,Nu Mall,Completed,Error resolution,
1084,1081,13,30,03-03-2025,2,14:00,16:00,Clash Check,Nu Mall,Completed,Interference check,
1085,1081,13,6,04-03-2025,3,09:00,12:00,Main Steel Modelling,Nu Mall,Completed,Beam placement,
1085,1081,13,4,04-03-2025,2,13:00,15:00,Model Member Placement,Nu Mall,Completed,Column setup,
1086,1081,13,7,05-03-2025,3,10:00,13:00,Misc Steel Modelling,Nu Mall,Completed,Connection details,
1087,1081,13,5,05-03-2025,2,14:00,16:00,Macro Creation,Nu Mall,Completed,Template work,
1088,1081,13,6,06-03-2025,2.5,09:00,11:30,Main Steel Modelling,Nu Mall,Completed,Foundation steel,
1089,1081,13,7,06-03-2025,2,13:00,15:00,Misc Steel Modelling,Nu Mall,Completed,Bracing elements,
1090,1081,13,4,07-03-2025,2.5,10:00,12:30,Model Member Placement,Nu Mall,Completed,Grid system,
1091,1081,13,33,07-03-2025,1.5,14:00,15:30,Project discussion,Nu Mall,Completed,Team coordination,
1092,1081,13,6,08-03-2025,2.5,09:00,11:30,Main Steel Modelling,Nu Mall,Completed,Additional steel,
1093,1081,13,7,08-03-2025,2,13:00,15:00,Misc Steel Modelling,Nu Mall,Completed,Final connections,
1082,1081,13,10,09-03-2025,3,09:00,12:00,Model Checking,Nu Mall,Completed,Quality review,
1083,1081,13,11,09-03-2025,2.5,14:00,16:30,E Sheet Checking,Nu Mall,Completed,Drawings check,
1084,1081,13,12,10-03-2025,3,10:00,13:00,Shop Drawing Checking,Nu Mall,Completed,Fabrication drawings,
1085,1081,13,35,10-03-2025,2.5,14:00,16:30,Design Drawing Study(Checking),Nu Mall,Completed,Design compliance,
1086,1081,13,38,11-03-2025,2.5,09:00,11:30,Clash Check(Checking),Nu Mall,Completed,Interference review,
1087,1081,13,39,11-03-2025,2,13:00,15:00,1 to 1 Changes Review(Checking),Nu Mall,Completed,Change verification,
1088,1081,13,16,12-03-2025,2.5,10:00,12:30,COR Evaluation,Nu Mall,Completed,Change orders,
1089,1081,13,13,12-03-2025,2.5,14:00,16:30,RFI Creation,Nu Mall,Completed,Information requests,
1090,1081,13,17,13-03-2025,2.5,09:00,11:30,COR Updation,Nu Mall,Completed,Document updates,
1091,1081,13,41,13-03-2025,2,13:00,15:00,Back Checking(Checking),Nu Mall,Completed,Secondary review,
1092,1081,13,10,14-03-2025,2.5,10:00,12:30,Model Checking,Nu Mall,Completed,Final model check,
1093,1081,13,11,14-03-2025,2,14:00,16:00,E Sheet Checking,Nu Mall,Completed,Engineering drawings,
1082,1081,13,9,15-03-2025,2.5,09:00,11:30,Shop Drawing Editing,Nu Mall,Completed,Drawing modifications,
1083,1081,13,34,15-03-2025,2,13:00,15:00,Back Draft,Nu Mall,Completed,Revision work,
1084,1081,13,14,16-03-2025,2.5,10:00,12:30,Submission Process,Nu Mall,Completed,Client submission,
1085,1081,13,15,16-03-2025,2.5,13:00,15:30,Field Work,Nu Mall,Completed,Site coordination,
1086,1081,13,8,17-03-2025,2.5,09:00,11:30,E Sheet Editing,Nu Mall,Completed,Engineering edits,
1087,1081,13,21,17-03-2025,2,13:00,15:00,Shop Requirement Reports,Nu Mall,Completed,Material lists,
1088,1081,13,19,18-03-2025,1.5,10:00,11:30,Other Discipline Coord,Nu Mall,Completed,MEP coordination,
1089,1081,13,20,18-03-2025,1.5,13:00,14:30,Team Coord,Nu Mall,Completed,Team management,
1082,1081,14,6,08-03-2025,3.5,09:00,12:30,Main Steel Modelling,Xi Complex,Completed,Structural work,
1082,1081,14,1,08-03-2025,2,14:00,16:00,Design Drawing Study,Xi Complex,Completed,Design analysis,
1083,1081,14,7,09-03-2025,3,09:30,12:30,Misc Steel Modelling,Xi Complex,Completed,Secondary steel,
1083,1081,14,5,09-03-2025,2,14:00,16:00,Macro Creation,Xi Complex,Completed,Automation setup,
1084,1081,14,32,10-03-2025,2.5,10:00,12:30,Model Correction,Xi Complex,Completed,Error fixing,
1084,1081,14,30,10-03-2025,2,14:00,16:00,Clash Check,Xi Complex,Completed,Interference check,
1085,1081,14,6,11-03-2025,3,09:00,12:00,Main Steel Modelling,Xi Complex,Completed,Beam work,
1085,1081,14,4,11-03-2025,2,13:00,15:00,Model Member Placement,Xi Complex,Completed,Column setup,
1086,1081,14,7,12-03-2025,2.5,10:00,12:30,Misc Steel Modelling,Xi Complex,Completed,Connections,
1087,1081,14,5,12-03-2025,2,14:00,16:00,Macro Creation,Xi Complex,Completed,Template creation,
1088,1081,14,6,13-03-2025,2.5,09:00,11:30,Main Steel Modelling,Xi Complex,Completed,Foundation,
1089,1081,14,7,13-03-2025,2,13:00,15:00,Misc Steel Modelling,Xi Complex,Completed,Bracing,
1090,1081,14,4,14-03-2025,2,10:00,12:00,Model Member Placement,Xi Complex,Completed,Grid setup,
1091,1081,14,33,14-03-2025,1.5,13:00,14:30,Project discussion,Xi Complex,Completed,Team coordination,
1082,1081,14,10,15-03-2025,2.8,09:00,11:48,Model Checking,Xi Complex,Completed,Quality review,
1083,1081,14,11,15-03-2025,2.5,14:00,16:30,E Sheet Checking,Xi Complex,Completed,Engineering drawings,
1084,1081,14,12,16-03-2025,2.5,10:00,12:30,Shop Drawing Checking,Xi Complex,Completed,Fabrication drawings,
1085,1081,14,35,16-03-2025,2,14:00,16:00,Design Drawing Study(Checking),Xi Complex,Completed,Design compliance,
1086,1081,14,38,17-03-2025,2,09:00,11:00,Clash Check(Checking),Xi Complex,Completed,Interference review,
1087,1081,14,39,17-03-2025,1.8,13:00,14:48,1 to 1 Changes Review(Checking),Xi Complex,Completed,Change verification,
1088,1081,14,16,18-03-2025,2,10:00,12:00,COR Evaluation,Xi Complex,Completed,Change orders,
1089,1081,14,13,18-03-2025,1.8,13:00,14:48,RFI Creation,Xi Complex,Completed,Information requests,
1090,1081,14,17,19-03-2025,1.8,09:00,10:48,COR Updation,Xi Complex,Completed,Document updates,
1091,1081,14,41,19-03-2025,1.5,11:00,12:30,Back Checking(Checking),Xi Complex,Completed,Secondary review,
1092,1081,14,9,20-03-2025,2,10:00,12:00,Shop Drawing Editing,Xi Complex,Completed,Drawing edits,
1093,1081,14,34,20-03-2025,1.8,13:00,14:48,Back Draft,Xi Complex,Completed,Revision work,
1092,1081,14,14,21-03-2025,1.8,09:00,10:48,Submission Process,Xi Complex,Completed,Client submission,
1093,1081,14,15,21-03-2025,1.5,11:00,12:30,Field Work,Xi Complex,Completed,Site coordination,
1086,1081,14,8,22-03-2025,1.8,10:00,11:48,E Sheet Editing,Xi Complex,Completed,Engineering edits,
1087,1081,14,21,22-03-2025,1.5,13:00,14:30,Shop Requirement Reports,Xi Complex,Completed,Material lists,
1088,1081,14,19,23-03-2025,1.5,09:00,10:30,Other Discipline Coord,Xi Complex,Completed,MEP coordination,
1095,1094,15,6,28-01-2025,3.5,09:00,12:30,Main Steel Modelling,Omicron Gardens,Completed,Structural framework,
1095,1094,15,1,28-01-2025,2,14:00,16:00,Design Drawing Study,Omicron Gardens,Completed,Design analysis,
1096,1094,15,7,29-01-2025,3,09:30,12:30,Misc Steel Modelling,Omicron Gardens,Completed,Secondary elements,
1096,1094,15,5,29-01-2025,2,14:00,16:00,Macro Creation,Omicron Gardens,Completed,Automation setup,
1097,1094,15,32,30-01-2025,2.5,10:00,12:30,Model Correction,Omicron Gardens,Completed,Error resolution,
1097,1094,15,30,30-01-2025,2,14:00,16:00,Clash Check,Omicron Gardens,Completed,Interference check,
1098,1094,15,6,31-01-2025,3,09:00,12:00,Main Steel Modelling,Omicron Gardens,Completed,Beam placement,
1098,1094,15,4,31-01-2025,2,13:00,15:00,Model Member Placement,Omicron Gardens,Completed,Column setup,
1099,1094,15,7,01-02-2025,2.5,10:00,12:30,Misc Steel Modelling,Omicron Gardens,Completed,Connection details,
1100,1094,15,5,01-02-2025,2,14:00,16:00,Macro Creation,Omicron Gardens,Completed,Template work,
1101,1094,15,6,02-02-2025,2.5,09:00,11:30,Main Steel Modelling,Omicron Gardens,Completed,Foundation steel,
1102,1094,15,7,02-02-2025,2,13:00,15:00,Misc Steel Modelling,Omicron Gardens,Completed,Bracing elements,
1103,1094,15,4,03-02-2025,2,10:00,12:00,Model Member Placement,Omicron Gardens,Completed,Grid system,
1104,1094,15,33,03-02-2025,1.5,13:00,14:30,Project discussion,Omicron Gardens,Completed,Team coordination,
1095,1094,15,10,04-02-2025,2.5,09:00,11:30,Model Checking,Omicron Gardens,Completed,Quality review,
1096,1094,15,11,04-02-2025,2,14:00,16:00,E Sheet Checking,Omicron Gardens,Completed,Drawings check,
1097,1094,15,12,05-02-2025,2.5,10:00,12:30,Shop Drawing Checking,Omicron Gardens,Completed,Fabrication drawings,
1098,1094,15,35,05-02-2025,2,14:00,16:00,Design Drawing Study(Checking),Omicron Gardens,Completed,Design compliance,
1099,1094,15,38,06-02-2025,2,09:00,11:00,Clash Check(Checking),Omicron Gardens,Completed,Interference review,
1100,1094,15,39,06-02-2025,1.8,13:00,14:48,1 to 1 Changes Review(Checking),Omicron Gardens,Completed,Change verification,
1101,1094,15,16,07-02-2025,2,10:00,12:00,COR Evaluation,Omicron Gardens,Completed,Change orders,
1102,1094,15,13,07-02-2025,1.8,13:00,14:48,RFI Creation,Omicron Gardens,Completed,Information requests,
1103,1094,15,17,08-02-2025,1.8,09:00,10:48,COR Updation,Omicron Gardens,Completed,Document updates,
1104,1094,15,41,08-02-2025,1.5,11:00,12:30,Back Checking(Checking),Omicron Gardens,Completed,Secondary review,
1105,1094,15,9,09-02-2025,2,10:00,12:00,Shop Drawing Editing,Omicron Gardens,Completed,Drawing modifications,
1106,1094,15,34,09-02-2025,1.8,13:00,14:48,Back Draft,Omicron Gardens,Completed,Revision work,
1105,1094,15,14,10-02-2025,1.8,09:00,10:48,Submission Process,Omicron Gardens,Completed,Client submission,
1106,1094,15,15,10-02-2025,1.5,11:00,12:30,Field Work,Omicron Gardens,Completed,Site coordination,
1099,1094,15,8,11-02-2025,1.8,10:00,11:48,E Sheet Editing,Omicron Gardens,Completed,Engineering edits,
1100,1094,15,21,11-02-2025,1.5,13:00,14:30,Shop Requirement Reports,Omicron Gardens,Completed,Material lists,
1101,1094,15,19,12-02-2025,1.5,09:00,10:30,Other Discipline Coord,Omicron Gardens,Completed,MEP coordination,
1102,1094,15,20,12-02-2025,1.5,11:00,12:30,Team Coord,Omicron Gardens,Completed,Team management,
1095,1094,16,6,18-02-2025,3,09:00,12:00,Main Steel Modelling,Pi Residency,Completed,Structural work,
1095,1094,16,1,18-02-2025,1.5,14:00,15:30,Design Drawing Study,Pi Residency,Completed,Design analysis,
1096,1094,16,7,19-02-2025,2.5,09:30,12:00,Misc Steel Modelling,Pi Residency,Completed,Secondary steel,
1096,1094,16,5,19-02-2025,1.5,14:00,15:30,Macro Creation,Pi Residency,Completed,Automation setup,
1097,1094,16,32,20-02-2025,2,10:00,12:00,Model Correction,Pi Residency,Completed,Error fixing,
1097,1094,16,30,20-02-2025,1.5,14:00,15:30,Clash Check,Pi Residency,Completed,Interference check,
1098,1094,16,6,21-02-2025,2.5,09:00,11:30,Main Steel Modelling,Pi Residency,Completed,Beam work,
1098,1094,16,4,21-02-2025,1.5,13:00,14:30,Model Member Placement,Pi Residency,Completed,Column setup,
1099,1094,16,7,22-02-2025,2,10:00,12:00,Misc Steel Modelling,Pi Residency,Completed,Connections,
1100,1094,16,5,22-02-2025,1.5,14:00,15:30,Macro Creation,Pi Residency,Completed,Template creation,
1101,1094,16,6,23-02-2025,2,09:00,11:00,Main Steel Modelling,Pi Residency,Completed,Foundation,
1102,1094,16,7,23-02-2025,1.5,13:00,14:30,Misc Steel Modelling,Pi Residency,Completed,Bracing,
1103,1094,16,4,24-02-2025,1.5,10:00,11:30,Model Member Placement,Pi Residency,Completed,Grid setup,
1104,1094,16,33,24-02-2025,1,13:00,14:00,Project discussion,Pi Residency,Completed,Team coordination,
1095,1094,16,10,25-02-2025,2.3,09:00,11:18,Model Checking,Pi Residency,Completed,Quality review,
1096,1094,16,11,25-02-2025,2,14:00,16:00,E Sheet Checking,Pi Residency,Completed,Engineering drawings,
1097,1094,16,12,26-02-2025,2,10:00,12:00,Shop Drawing Checking,Pi Residency,Completed,Fabrication drawings,
1098,1094,16,35,26-02-2025,1.8,14:00,15:48,Design Drawing Study(Checking),Pi Residency,Completed,Design compliance,
1099,1094,16,38,27-02-2025,1.8,09:00,10:48,Clash Check(Checking),Pi Residency,Completed,Interference review,
1100,1094,16,39,27-02-2025,1.5,13:00,14:30,1 to 1 Changes Review(Checking),Pi Residency,Completed,Change verification,
1101,1094,16,16,28-02-2025,1.8,10:00,11:48,COR Evaluation,Pi Residency,Completed,Change orders,
1102,1094,16,13,28-02-2025,1.5,13:00,14:30,RFI Creation,Pi Residency,Completed,Information requests,
1103,1094,16,17,01-03-2025,1.5,09:00,10:30,COR Updation,Pi Residency,Completed,Document updates,
1104,1094,16,41,01-03-2025,1.3,11:00,12:18,Back Checking(Checking),Pi Residency,Completed,Secondary review,
1105,1094,16,9,02-03-2025,1.8,10:00,11:48,Shop Drawing Editing,Pi Residency,Completed,Drawing edits,
1106,1094,16,34,02-03-2025,1.5,13:00,14:30,Back Draft,Pi Residency,Completed,Revision work,
1105,1094,16,14,03-03-2025,1.5,09:00,10:30,Submission Process,Pi Residency,Completed,Client submission,
1106,1094,16,15,03-03-2025,1.3,11:00,12:18,Field Work,Pi Residency,Completed,Site coordination,
1099,1094,16,8,04-03-2025,1.5,10:00,11:30,E Sheet Editing,Pi Residency,Completed,Engineering edits,
1100,1094,16,21,04-03-2025,1.3,13:00,14:18,Shop Requirement Reports,Pi Residency,Completed,Material lists,
1101,1094,16,19,05-03-2025,1,09:00,10:00,Other Discipline Coord,Pi Residency,Completed,MEP coordination,
1102,1094,16,20,05-03-2025,1,11:00,12:00,Team Coord,Pi Residency,Completed,Team management,
