id,emp_id,name,designation,is_manager,is_tl,reporting_to,username,password
1,E002,Amelia Johnson,Assistant General Manager,False,False,,amelia.johnson,agm123
2,E001,Oliver Smith,Admin,False,False,,oliver.smith,admin123
3,E101,John Williams,Project Manager,True,False,1,john.williams,pmjohn123
4,E102,Liam Davis,Project Coordinator,False,True,3,liam.davis,tl123
5,E103,Charlotte Miller,Project Coordinator,False,True,3,charlotte.miller,tl123
6,E104,Michael Brown,checker,False,False,3,michael.brown,checker123
7,E105,Mia Moore,checker,False,False,3,mia.moore,checker123
8,E106,Elijah Taylor,checker,False,False,3,elijah.taylor,checker123
9,E107,Abigail Anderson,checker,False,False,3,abigail.anderson,checker123
10,E108,Alexander Thomas,checker,False,False,3,alexander.thomas,checker123
11,E109,Evelyn Jackson,checker,False,False,3,evelyn.jackson,checker123
12,E110,William White,checker,False,False,3,william.white,checker123
13,E111,Sofia Harris,checker,False,False,3,sofia.harris,checker123
14,E112,Benjamin Martin,checker,False,False,3,benjamin.martin,checker123
15,E113,Amelia Thompson,checker,False,False,3,amelia.thompson,checker123
16,E114,Emily Brown,Project Manager,True,False,1,emily.brown,pmemily123
17,E115,Lucas Garcia,Project Coordinator,False,True,16,lucas.garcia,tl123
18,E116,Harper Martinez,Project Coordinator,False,True,16,harper.martinez,tl123
19,E117,Ethan Robinson,sr checker,False,False,16,ethan.robinson,checker123
20,E118,Aria Clark,checker,False,False,16,aria.clark,checker123
21,E119,Henry Rodriguez,checker,False,False,16,henry.rodriguez,checker123
22,E120,Scarlett Lewis,checker,False,False,16,scarlett.lewis,checker123
23,E121,Jack Lee,checker,False,False,16,jack.lee,checker123
24,E122,Victoria Walker,checker,False,False,16,victoria.walker,checker123
25,E123,Luke Hall,checker,False,False,16,luke.hall,checker123
26,E124,Hannah Allen,checker,False,False,16,hannah.allen,checker123
27,E125,Daniel Young,checker,False,False,16,daniel.young,checker123
28,E126,Grace Hernandez,checker,False,False,16,grace.hernandez,checker123
29,E127,Michael Jones,Project Manager,True,False,1,michael.jones,pmmichael123
30,E128,Henry King,Project Coordinator,False,True,29,henry.king,tl123
31,E129,Ella Wright,Project Coordinator,False,True,29,ella.wright,tl123
32,E130,Matthew Scott,sr checker,False,False,29,matthew.scott,checker123
33,E131,Avery Green,checker,False,False,29,avery.green,checker123
34,E132,Jacob Adams,checker,False,False,29,jacob.adams,checker123
35,E133,Lily Baker,checker,False,False,29,lily.baker,checker123
36,E134,Samuel Nelson,checker,False,False,29,samuel.nelson,checker123
37,E135,Natalie Carter,checker,False,False,29,natalie.carter,checker123
38,E136,Christopher Mitchell,checker,False,False,29,christopher.mitchell,checker123
39,E137,Zoe Perez,checker,False,False,29,zoe.perez,checker123
40,E138,Anthony Roberts,checker,False,False,29,anthony.roberts,checker123
41,E139,Samantha Turner,checker,False,False,29,samantha.turner,checker123
42,E140,Sophia Garcia,Project Manager,True,False,1,sophia.garcia,pmsophia123
43,E141,Jackson Phillips,Project Coordinator,False,True,42,jackson.phillips,tl123
44,E142,Penelope Campbell,Project Coordinator,False,True,42,penelope.campbell,tl123
45,E143,Isaac Parker,checker,False,False,42,isaac.parker,checker123
46,E144,Eleanor Evans,checker,False,False,42,eleanor.evans,checker123
47,E145,Landon Edwards,checker,False,False,42,landon.edwards,checker123
48,E146,Addison Collins,checker,False,False,42,addison.collins,checker123
49,E147,Caleb Stewart,checker,False,False,42,caleb.stewart,checker123
50,E148,Lillian Sanchez,checker,False,False,42,lillian.sanchez,checker123
51,E149,Jonathan Morris,checker,False,False,42,jonathan.morris,checker123
52,E150,Nora Rogers,checker,False,False,42,nora.rogers,checker123
53,E151,Christian Reed,checker,False,False,42,christian.reed,checker123
54,E152,Stella Cook,checker,False,False,42,stella.cook,checker123
55,E153,David Martinez,Project Manager,True,False,1,david.martinez,pmdavid123
56,E154,Leo Morgan,Project Coordinator,False,True,55,leo.morgan,tl123
57,E155,Layla Bell,Project Coordinator,False,True,55,layla.bell,tl123
58,E156,Connor Murphy,checker,False,False,55,connor.murphy,checker123
59,E157,Anna Bailey,checker,False,False,55,anna.bailey,checker123
60,E158,Grayson Rivera,checker,False,False,55,grayson.rivera,checker123
61,E159,Aurora Cooper,checker,False,False,55,aurora.cooper,checker123
62,E160,Wyatt Richardson,checker,False,False,55,wyatt.richardson,checker123
63,E161,Clara Cox,checker,False,False,55,clara.cox,checker123
64,E162,Julian Howard,checker,False,False,55,julian.howard,checker123
65,E163,Scarlett Ward,checker,False,False,55,scarlett.ward,checker123
66,E164,Easton Torres,checker,False,False,55,easton.torres,checker123
67,E165,Hazel Peterson,checker,False,False,55,hazel.peterson,checker123
68,E166,Olivia Hernandez,Project Manager,True,False,1,olivia.hernandez,pmolivia123
69,E167,Henry Gray,Project Coordinator,False,True,68,henry.gray,tl123
70,E168,Victoria Ramirez,Project Coordinator,False,True,68,victoria.ramirez,tl123
71,E169,Maxwell James,checker,False,False,68,maxwell.james,checker123
72,E170,Penelope Watson,checker,False,False,68,penelope.watson,checker123
73,E171,Owen Brooks,checker,False,False,68,owen.brooks,checker123
74,E172,Clara Kelly,checker,False,False,68,clara.kelly,checker123
75,E173,Harrison Sanders,checker,False,False,68,harrison.sanders,checker123
76,E174,Ella Price,checker,False,False,68,ella.price,checker123
77,E175,Levi Bennett,checker,False,False,68,levi.bennett,checker123
78,E176,Lila Wood,checker,False,False,68,lila.wood,checker123
79,E177,Grayson Barnes,checker,False,False,68,grayson.barnes,checker123
80,E178,Zoey Ross,checker,False,False,68,zoey.ross,checker123
81,E179,James Lopez,Project Manager,True,False,1,james.lopez,pmjames123
82,E180,Jack Henderson,Project Coordinator,False,True,81,jack.henderson,tl123
83,E181,Luna Coleman,Project Coordinator,False,True,81,luna.coleman,tl123
84,E182,Isaiah Jenkins,checker,False,False,81,isaiah.jenkins,checker123
85,E183,Ella Perry,checker,False,False,81,ella.perry,checker123
86,E184,Lincoln Powell,checker,False,False,81,lincoln.powell,checker123
87,E185,Sophia Long,checker,False,False,81,sophia.long,checker123
88,E186,Cameron Patterson,checker,False,False,81,cameron.patterson,checker123
89,E187,Layla Hughes,checker,False,False,81,layla.hughes,checker123
90,E188,Elijah Flores,checker,False,False,81,elijah.flores,checker123
91,E189,Aurora Washington,checker,False,False,81,aurora.washington,checker123
92,E190,Wyatt Butler,checker,False,False,81,wyatt.butler,checker123
93,E191,Hazel Simmons,checker,False,False,81,hazel.simmons,checker123
94,E192,Isabella Gonzalez,Project Manager,True,False,1,isabella.gonzalez,pmisabella123
95,E193,Logan Foster,Project Coordinator,False,True,94,logan.foster,tl123
96,E194,Scarlett Gonzales,Project Coordinator,False,True,94,scarlett.gonzales,tl123
97,E195,Liam Bryant,checker,False,False,94,liam.bryant,checker123
98,E196,Harper Alexander,checker,False,False,94,harper.alexander,checker123
99,E197,Ethan Russell,checker,False,False,94,ethan.russell,checker123
100,E198,Amelia Griffin,checker,False,False,94,amelia.griffin,checker123
101,E199,Noah Diaz,checker,False,False,94,noah.diaz,checker123
102,E200,Madison Hayes,checker,False,False,94,madison.hayes,checker123
103,E201,Oliver Myers,checker,False,False,94,oliver.myers,checker123
104,E202,Chloe Ford,checker,False,False,94,chloe.ford,checker123
105,E203,Lucas Hamilton,checker,False,False,94,lucas.hamilton,checker123
106,E204,Ella Graham,checker,False,False,94,ella.graham,checker123
